playerID,name,rating,gamesWon,gamesPlayed,winPercentage
2064,"oet",1827,131,185,71
1063,"hunter_",1782,206,271,76
2302,"uch prodigy",1746,22,34,66
2158,"GentleM.Carbage",1746,54,95,57
115,"Elucard",1688,202,236,85
952,"Suffers Sadness",1626,75,114,66
928,"WhimsNum",1622,76,121,62
2120,"OreoCraz",1617,91,133,68
224,"Melody",1610,227,340,67
806,"05mario",1608,86,127,67
1856,"lyNAx",1590,117,174,67
2368,"Merlin Youke",1586,35,53,65
2293,"Chick Hicks",1584,76,120,63
1005,"ScrodumHat",1577,26,40,63
2145,"Blestanus",1571,28,38,72
351,"fishnu",1570,120,173,69
2154,"AAL ED",1554,33,53,61
828,"Xeon",1541,58,97,59
1134,"AxolotlGod",1515,11,15,69
2083,"glopsy",1512,37,61,60
1115,"deltasquared",1508,85,138,61
2268,"Shrumbo",1506,10,16,59
176,"NotWeell",1496,61,104,58
1936,"Magicmarina",1489,161,232,69
2210,"Casual-ty",1479,122,187,65
22,"Jumbaba",1478,7,7,100
2257,"SeeVeeD33",1458,13,21,59
1157,"Bestbuster2000",1442,70,129,54
2292,"Moxie",1440,32,58,54
121,"Turborata",1436,128,203,63
353,"plebism",1433,113,161,70
2073,"bargun",1432,45,87,51
2233,"Jmook",1417,9,11,75
977,"raineyomi",1417,17,33,50
634,"CaptainTechnicality",1411,27,39,68
1010,"lisa",1407,47,58,80
8,"WeedCowboy69",1403,30,42,70
425,"Hungrybox",1403,75,138,54
2128,"SHARSHABIIL",1401,28,55,50
2250,":Archvile:",1393,9,16,53
1429,"hunter_",1388,44,70,62
2103,"dickconsumer",1388,7,9,80
1126,"aeriiser",1383,103,182,56
2241,"mew2king",1381,6,7,88
159,"TROOP",1375,109,158,69
822,"BlueMew",1374,51,82,61
1009,"nill bye",1368,49,81,60
667,"roycebracket",1367,102,150,68
168,"Not You",1361,22,34,63
16,"cozy!",1359,44,58,75
2212,"Meatball freak",1355,22,42,51
10,"VineRaio",1349,179,276,65
1171,"Eternum",1349,115,190,60
2081,"Thanksgiving Michael",1343,10,17,56
565,"Skell",1342,32,58,54
1603,"Kagetaka447",1341,70,120,58
1352,"Wex",1340,10,14,67
1272,"THExplosion24",1339,15,26,56
100,"RetroDot",1339,7,10,64
108,"shen",1335,27,40,68
441,"fartcreature",1335,85,131,64
907,"RaeRaq",1328,20,31,63
2118,"SHARSHABIIL",1319,22,38,56
145,"avon",1316,101,182,55
2246,"Sanity",1316,22,43,50
2433,"Count Chocula",1315,8,12,62
2062,"Taltouccan",1315,6,8,67
569,"Videofreak",1315,7,15,44
2105,"Trace",1313,42,85,49
2089,"bucghat",1309,40,82,49
2242,"aMSa",1306,6,8,67
486,"Paramedic",1300,5,7,63
262,"xGalaxy",1300,87,149,58
2183,"DiegoLOL546",1291,28,52,53
786,"equinox!",1286,22,42,51
183,"hiraethval",1285,48,85,56
1068,"Giga20",1283,66,102,64
1159,"Rune",1283,16,28,55
798,"rznant",1282,7,13,57
3,"Rian",1280,7,10,64
2102,"FemboyddyHolly",1280,48,83,57
1941,"starcream",1280,9,19,45
2170,"A-O-I",1278,7,12,54
1291,"equinox!",1274,20,30,65
609,"SodiumFluoride",1272,76,148,51
7,"P.M",1272,6,8,67
312,"Leopold",1271,21,34,60
1842,"Vegas",1271,10,13,79
2265,"a duck",1270,17,33,50
821,"ChaceTheyace",1265,5,6,71
2059,"Sepitous",1264,16,30,55
109,"Evil Panda",1262,11,16,65
971,"Bumpian",1262,28,46,60
954,"legit(!)",1262,52,94,55
1070,"pico",1260,34,61,55
2008,"MrBoltun",1259,61,112,54
2547,"Raccoon Pope",1258,5,7,63
2425,"Nebula",1258,4,6,57
1123,"Summonthespawn",1257,15,22,65
2234,"10TD",1254,14,26,52
1182,"WinterBucket",1253,12,20,57
1670,"johnpubber38",1253,13,27,46
171,"Drakzia",1251,108,183,59
2249,"Discordo",1251,36,71,50
2000,"DeadStar",1249,4,5,67
1076,"cat",1249,74,139,53
2247,"Racism Incarnate",1248,10,18,53
1064,"Penguin Proletariat",1245,11,21,55
613,"era2point0",1245,17,25,65
2078,"nomad",1245,39,66,58
386,"Fizzles",1242,36,65,55
120,"IHouMI",1236,21,32,64
160,"octo doggo",1235,209,309,67
1235,"J11 The Jetplane",1234,34,66,51
21,"Craker",1233,10,15,63
2260,"yizhiii",1232,10,27,39
215,"palcii veerom",1229,30,48,61
307,"superninjaboygaming",1226,6,8,67
899,"Sextillion Zettabots",1226,100,152,65
867,"trigger7ff6",1225,32,71,44
1425,"V for Villain",1225,3,3,100
150,"Degritone",1223,29,48,61
2147,"JollyKnight",1222,9,15,56
485,"Nardis",1221,7,11,58
377,"Glue eater",1219,6,10,55
174,"Brob",1218,7,9,80
1420,"sudzoof",1218,32,53,59
24,"MilkMannerism",1217,11,21,50
2280,"Umbra",1214,26,48,53
32,"Floub",1213,32,52,60
1410,"CaptinDunsparce",1212,7,12,54
235,"Softie",1211,13,24,52
1353,"Yata",1211,6,12,46
385,"Spoonsei",1210,8,12,62
1040,"petra.exe",1210,10,20,48
106,"Ghoast",1207,18,31,56
311,"kafsao",1205,102,164,62
1409,"Leerx",1205,42,72,58
2331,"Keostar",1201,16,60,26
140,"Metafire",1201,9,15,56
2397,"Tea Hunter",1200,5,9,50
315,"Yoslosh",1199,15,31,47
1281,"dickfairy",1199,11,16,65
1152,"SwaggyBadger",1198,5,8,56
490,"errmm...",1196,15,27,54
1033,"LevelGuardian007",1194,11,21,50
536,"Thurapy",1194,10,18,53
1970,"Latedge",1194,31,60,51
40,"Xenix",1193,5,7,63
1279,"6A",1193,11,21,50
1355,"Nwc.leear",1192,7,11,58
823,"regi",1191,4,6,57
1428,"Sould",1188,11,17,61
791,"Fromundaman",1185,18,30,58
1084,"Transgender Cowboy",1185,58,104,55
528,"Knight who says Ni",1182,5,9,50
1947,"ILOVENINJA!!!",1182,4,6,57
2289,"Doorway",1181,5,14,33
1998,"Blue_Fox",1181,6,10,55
310,"ShadinqTR",1180,95,167,57
428,"VileRailer",1180,94,196,48
1181,"BugManiac",1180,6,9,60
2219,"Craftingchicken07",1179,3,5,50
1885,"Stress",1177,7,12,54
104,"casual joe",1176,10,16,59
538,"Artivulet",1174,6,12,46
228,"Alwodan",1173,4,6,57
2418,"Galaxy",1169,11,24,44
1473,"LabNotes",1168,3,4,80
173,"lemon",1167,8,13,57
593,"Sable",1166,29,49,58
1336,"luker339",1165,5,8,56
2117,"kokoHAAA",1165,24,45,52
1419,"Anub646",1160,6,10,55
1285,"Pine",1160,8,13,57
929,"ZXavier",1160,4,7,50
1137,"JacqueDeLaOrsh",1158,4,7,50
1406,"Foors",1157,10,17,56
238,"Pudgypoultry",1156,4,6,57
831,"Luco",1154,6,12,46
957,"Bogus",1154,12,26,44
2267,"marcechow",1153,3,5,50
1346,"Riosthename",1153,10,17,56
1389,"sd_origin",1153,3,5,50
1865,"Glue Snorter",1153,8,14,53
489,"Suck My Kiss",1152,7,12,54
2195,"MaybeZach",1151,8,16,47
1330,"Sparea",1151,5,8,56
873,"gaster",1150,2,2,100
876,"TyrantDJMento",1150,2,2,100
1434,"King",1150,3,4,60
1451,"Sol Invictus",1150,2,2,100
2192,"stellarsaid",1150,2,2,100
2240,"Jello",1150,2,2,100
1950,"HajSoup",1149,6,10,55
1106,"AigisBuster",1148,4,7,50
2222,"0013",1147,16,32,48
355,"SoZaltY526",1147,2,2,100
325,"lofikay",1146,11,20,52
308,"Tipu",1145,39,69,56
1861,"Konny",1145,4,6,71
2061,"Avalon",1144,11,23,46
1177,"Coherek",1140,9,14,60
239,"AgguBaggu",1139,6,10,64
2168,"Jank City",1139,7,17,39
2254,"bachelor",1137,6,12,46
942,"Rudi",1137,6,11,50
1167,"The miner",1136,4,6,57
314,"Meathir",1136,7,13,50
31,"Falconer",1136,4,6,57
1938,"AZATHOTHcupcakes",1136,12,20,57
1021,"Bosko",1136,18,38,46
1331,"Blwaxen",1132,2,3,50
638,"kivi",1131,13,34,37
1444,"HelterSeltzer",1130,6,11,50
2218,"Magneter",1130,27,67,40
956,"Paranomaly",1128,14,26,52
1180,"Flipkick",1128,9,17,50
1179,"Pockles",1128,3,4,80
122,"Para",1128,7,13,50
2010,"lkg",1127,17,37,45
594,"Ben_AVV",1127,83,148,56
119,"Belter",1126,4,6,57
1144,"RecentlyanimatedSkelet0n",1125,3,5,50
2385,"Okuu 2hu",1124,5,12,38
2446,"Daverino",1124,2,3,75
568,"AGgenri",1124,17,31,53
554,"Gubknak",1123,80,143,56
1273,"Inabathtub",1122,3,5,50
1284,"ItsToday",1122,2,3,75
2422,"SKULLY",1122,3,5,50
96,"brubsby",1121,6,11,50
941,"Gameslayer989",1120,28,55,50
2006,"Wheeki",1120,4,6,57
2350,"SuperKiller5002",1120,19,41,45
182,"ADeatonic",1118,4,6,71
2060,"witchhhunt",1118,7,13,50
445,"WillyQuanta",1114,7,13,50
1465,"msssiah",1114,2,3,50
1354,"Zaddis",1114,3,5,50
1339,"Gamer01",1113,3,5,50
387,"tskjo",1113,13,26,48
2420,"Hustler One",1110,6,14,40
37,"Joel Happyhil",1108,5,10,45
663,"GntBoa",1107,2,3,75
1372,"Pigeon",1106,2,3,50
1365,"Flamy",1104,4,7,50
2085,"angelshyacinth",1104,22,42,53
2216,"kotamine",1104,17,41,40
495,"aggronomics",1104,3,5,50
1386,"Flan",1104,3,5,50
2447,"Cai0",1103,3,5,50
1156,"Drakohyena",1102,3,5,50
313,"Zato-VaN",1102,11,20,52
34,"p4nd0ran",1101,11,19,55
624,"Toriathan",1100,3,5,50
684,"Sads",1099,3,5,67
258,"Cheese",1098,4,7,50
808,"Sansein",1098,5,15,31
1462,"sherlockhomo",1098,3,5,50
29,"Nevan Nedall",1097,5,9,50
1962,"Xx_Vando_Pam_xX",1097,5,9,50
1469,"Lagandra",1096,6,11,50
1042,"Nomad",1096,3,5,50
2539,"politecat",1095,4,8,44
1412,"BolaSquirrel",1095,2,3,50
1453,"SlabOfLime",1095,3,5,67
2424,"BeastBuy",1095,11,23,46
1142,"blcktwo",1094,8,15,50
2323,"Lorper",1093,3,6,43
834,"Junko",1093,3,5,50
2214,"OdIn",1093,2,4,40
529,"Glimpsed",1091,25,42,58
309,"BreadyCore",1091,19,48,39
955,"osuepo",1091,12,24,48
811,"Bello",1090,3,5,50
543,"clown",1090,26,48,53
12,"Fallzei",1088,3,5,50
974,"Xtremer$adiq",1087,3,5,50
926,"drahyrt",1087,4,8,44
1939,"SuzumeTaka",1086,3,5,50
744,"Nerd",1086,8,16,47
824,"Musiq",1085,3,5,50
1143,"StratOFerus",1085,7,14,47
1019,"gaming",1083,5,9,50
127,"ReclusiveRobot",1082,68,160,42
38,"Wiley",1080,4,7,50
1187,"BK-Vatras",1080,5,11,42
2441,"Notkirb",1079,2,4,40
2325,"_xVx_$!*Nabi!*$_xVx_ツ",1078,3,5,50
1344,"Nines",1078,16,29,53
1384,"canned_m1lk",1077,4,7,50
809,"Def Magica",1077,3,5,50
1054,"nephillen",1076,10,23,42
1348,"Girlmoss",1076,2,3,50
1191,"PolarsXI",1076,2,4,40
39,"Greeetaku",1075,3,5,50
95,"San Sundertail",1075,1,1,100
112,"The Fix",1075,2,3,50
213,"miguell",1075,1,1,100
214,"Nobu ///",1075,2,3,50
222,"AdiHi",1075,1,1,100
226,"navysama",1075,1,1,100
232,"CB",1075,3,5,50
233,"JustPhilski",1075,1,1,100
234,"LERPish",1075,1,1,100
446,"Groovy",1075,1,1,100
447,"KapL?!",1075,1,1,100
491,"lost",1075,1,1,100
742,"jame",1075,1,1,100
812,"N1n3",1075,3,5,50
832,"Níquel",1075,2,3,50
939,"Ani",1075,2,3,75
1268,"the Dawktur",1075,1,1,100
1351,"YoungBones",1075,2,3,50
1359,"Dustyx_x",1075,2,3,50
1362,"Dare",1075,2,3,50
1363,"NotRealRaiju",1075,1,1,100
1368,"DeeVeeTree",1075,2,3,50
1394,"Papitas",1075,2,3,50
1400,"Pannbiffsmannen",1075,2,3,50
1438,"Malson",1075,3,5,50
1442,"HeyItsZer0",1075,2,3,50
1450,"J-Kreed",1075,2,3,50
1461,"Ulken",1075,2,3,50
1472,"God_emoji",1075,1,1,100
1961,"JOECHILL",1075,2,3,75
2407,"D'TG",1075,1,1,100
2413,"TheMightyStone",1075,3,5,50
1168,"Bleu",1074,8,17,50
11,"syn",1074,4,7,50
1347,"DoomSlime",1074,2,3,50
148,"Arson!st",1074,16,35,44
33,"Umbrella",1073,3,5,50
829,"ScaryJade",1073,7,15,44
1062,"Goldie",1073,9,21,41
157,"Miriyo",1072,8,14,53
1158,"Webb8",1071,14,32,42
1996,"gravity",1071,3,5,50
1426,"Polzar",1070,5,10,45
1610,"TexasKaiju247",1069,6,12,46
35,"ITWCB",1069,20,40,49
912,"gasoline",1067,2,4,40
1041,"Blons",1065,6,12,46
1458,"Eusifiri",1064,4,8,44
930,"Gyr0mat!c",1062,2,4,40
2387,"kali235",1062,3,5,50
272,"Zairei",1061,4,9,40
940,"blagomey",1059,2,4,40
1440,"Para",1059,4,8,44
2131,"Chiloe-Chan",1059,4,9,40
1169,"ModerXD",1058,3,5,50
2144,"bringanotebook",1058,3,7,38
161,"Rainbow",1058,3,5,50
2332,"chui",1058,6,18,32
1411,"Uplift40",1057,4,8,44
501,"Penguin IronMan",1057,33,78,42
2290,"lain",1057,2,4,40
1161,"Twig",1056,3,6,43
488,"sandos prime",1055,1,2,33
1896,"Arbbe",1055,6,11,50
880,"Tree",1055,2,4,40
2084,"BlackPirate",1054,2,4,40
469,"Im2Xtreme",1054,5,9,50
356,"Buttz",1052,4,7,50
1402,"izzyOS",1052,5,10,45
2116,"zero",1052,3,6,43
1951,"NoWay",1051,26,49,52
449,"lilderpie",1050,46,107,43
2435,"Kublū",1049,2,4,40
2444,"Epic",1048,1,2,33
347,"Dark",1048,4,8,56
2211,"Aether",1048,2,4,40
723,"DenPok",1047,9,23,38
357,"Bowser",1047,8,17,44
1954,"Seeven",1046,3,5,50
2442,"Duckmaster",1046,2,4,40
1361,"The_Banner_",1045,2,4,40
635,"ELEGY_990",1045,1,2,33
2531,"Junk Puncher",1044,1,2,67
707,"Fua",1044,1,2,33
1333,"YorgrunTheMadLad",1043,6,12,46
1866,"NolieRavioli",1043,1,2,33
26,"pal",1042,9,19,45
2236,"Lupi 0 o 0",1042,2,4,40
2303,"antinatidae",1042,17,51,33
42,"Griddy master",1041,4,8,44
2190,"Jingo",1041,2,4,40
169,"Dyscoid",1040,5,10,45
537,"QGains",1040,1,2,33
19,"swag messiah",1040,14,30,45
2327,"The Archivist",1040,4,10,36
903,"Him",1040,2,4,40
223,"SGplaysIt",1039,3,6,43
1464,"Grassy",1039,1,2,33
1944,"Madddy",1039,2,4,40
2086,"ValorLee",1039,8,18,42
1446,"KJwhy",1039,5,11,42
2551,"Swivy",1038,2,4,40
1004,"NeonFingers",1038,26,50,51
227,"Joser",1038,1,2,33
1288,"1funnylad",1038,9,17,50
1849,"Noobhero21",1037,1,2,33
2406,"Xantier",1037,2,4,40
2445,"cheez_itz_12oz",1036,3,5,50
110,"Elaste",1036,50,85,58
1166,"Konata",1036,1,2,33
266,"goomfrontlut",1036,3,6,43
740,"stellle_",1036,1,2,33
1295,"shygybeats",1035,6,14,40
181,"Schulminha",1035,3,6,43
996,"Kolanappen1",1035,8,22,35
1172,"LG_here",1034,7,14,47
383,"Skelly23",1034,1,2,33
2423,"blijebij",1034,2,4,40
1082,"masoki",1034,23,50,45
763,"Poker7",1033,10,20,48
2432,"feenofx",1033,2,4,40
1280,"DonutVibin",1033,3,6,43
102,"AnAwesomeDudette",1032,116,171,67
1957,"zenorachi",1032,2,4,40
1388,"Shaogan",1032,1,2,33
978,"Lemin",1031,1,2,33
960,"Apu",1031,4,8,44
216,"SolFlora",1031,2,4,40
2005,"cosmozavr",1031,2,4,40
976,"spid",1031,5,11,42
680,"Tuerk",1028,2,4,40
1857,"Chiperson",1028,1,2,33
2419,"floofien",1028,2,4,40
384,"SirCleric",1028,1,2,33
2449,"Gremmer1",1028,2,4,40
2022,"Sol",1026,3,7,38
1270,"Beep",1026,5,9,50
875,"CatgirlKazu",1026,2,4,40
380,"Lord T",1026,2,5,33
2545,"daturrrra",1025,2,6,29
2408,"Ofici_calu",1025,2,4,40
953,"Uzi",1025,1,2,33
757,"SamuraiBeid",1023,1,2,33
2104,"Cat Buddha",1022,2,4,40
1313,"The One",1022,7,17,39
2009,"Reeversion",1022,2,4,40
17,"Trox",1022,4,8,44
731,"Zenopid",1021,17,31,53
1118,"SpudFellow",1020,2,4,40
1860,"XX_GAMER__XX",1020,3,6,43
2310,"Dumbinic",1020,1,3,25
1083,"The Archvile From Doom 2",1019,2,4,40
1383,"zim",1018,6,12,46
2450,"Deep Lolf",1018,2,4,40
750,"JeffoConDobleF",1018,2,4,40
1859,"Tired Tortilla",1018,1,2,33
2129,"WizardWithAnAxe",1017,7,16,41
1341,"rave",1017,1,2,33
542,"th0r_2",1017,1,2,33
1843,"deceitfulcoatl",1017,1,2,33
1343,"CounterDice",1016,1,2,33
1371,"Millyy",1016,2,5,33
911,"deathtoalltoast",1016,2,4,40
1454,"Melon",1016,1,2,33
1374,"Mmmmmmmm",1016,3,6,43
2007,"hll",1016,2,4,40
116,"Spring",1015,3,6,43
1401,"nik.vesla",1014,1,2,33
2264,"Boomerz",1014,2,5,33
1709,"soop",1014,3,6,57
492,"aisu",1014,1,2,33
1364,"PastorPriest",1014,3,7,38
1276,"Exo",1014,3,6,43
250,"GoatAttack",1014,1,3,25
2209,"NotAbigail",1013,2,4,40
5,"Noir",1013,3,6,43
1852,"Aulephia",1012,3,7,38
765,"Angels510",1012,2,4,40
2451,"TiSunstrider",1012,1,2,33
2437,"SUI",1011,2,4,40
2014,"Tsuna",1010,2,4,40
105,"ADCTaco",1010,58,114,50
1032,"smellylemon",1010,3,7,38
1036,"vinistriker22",1009,2,4,40
2011,"noobhero21",1009,2,4,40
2540,"kendebook",1009,2,5,33
2434,"8Z",1008,2,4,40
830,"NiceMice",1008,2,4,40
632,"bigbrein",1007,3,6,43
1850,"HolyChris",1007,1,2,33
2369,"Kekfont",1006,1,2,67
766,"Thelastdance",1006,2,4,40
2220,"Tyronetheduck1",1005,2,4,40
1851,"WhiteClaw",1005,1,2,33
117,"Piptro",1005,1,2,33
1466,"Bobboose_fun",1005,4,8,44
2414,"Joklow",1005,2,4,40
2020,"Penutbroski",1005,2,4,40
444,"Axolotl",1004,2,4,40
591,"Neccc",1004,1,2,33
508,"Cookiesnc",1004,40,76,52
685,"Darkstar",1004,18,44,40
2354,"billy idol",1004,2,6,29
217,"steeleater",1004,1,2,33
2082,"Lexicon",1002,2,4,40
1124,"Salvatore",1002,2,4,40
1435,"Mac457",1001,5,10,45
1,"Big Tier",1001,2,4,40
1188,"vader",1001,4,8,44
752,"ThunderBear",1000,4,7,63
4,"Kyezzer Aojera",1000,2,4,40
6,"len",1000,2,4,40
15,"devils",1000,1,2,33
18,"Steven4547466",1000,2,4,40
27,"GrimmShane",1000,3,6,43
30,"goshawksonlyfly",1000,2,4,40
97,"Vecho",1000,1,2,33
98,"DISSIDIA",1000,1,2,33
99,"Shrimp",1000,1,2,33
101,"Funyarinpa",1000,1,2,33
103,"ItsMiikii",1000,1,2,33
107,"Ponper",1000,1,2,33
113,"Gamer01",1000,1,2,33
114,"Fritos",1000,1,2,33
118,"Kona",1000,2,4,40
218,"catsoop",1000,1,2,33
219,"JUNK LION",1000,1,2,33
220,"Supergreen",1000,1,2,33
221,"Crow",1000,1,2,33
229,"Bruher",1000,1,2,33
230,"Iceswing",1000,1,2,33
236,"Lucas9w9",1000,1,2,33
237,"JazzyTheNinja",1000,1,2,33
352,"Briarlight",1000,2,4,40
381,"Orbitaz",1000,1,2,33
467,"Draco",1000,2,4,40
482,"codaah",1000,1,2,33
483,"Thomased22",1000,1,2,33
493,"Crumceral",1000,1,2,33
539,"Colossal E#2924",1000,1,2,33
576,"Kebikyu",1000,2,4,40
592,"TheBermanGrit",1000,1,2,33
636,"Spikefire",1000,1,2,33
637,"DillonDaGoblin",1000,2,4,40
654,"CorbinADtor",1000,1,2,33
693,"Sidjfnfdjsis",1000,1,2,33
816,"twored",1000,2,4,40
818,"DARK_KONG",1000,2,4,40
871,"Doan",1000,1,2,33
872,"Lax",1000,1,2,33
877,"iSoar",1000,1,2,33
913,"Habaduba",1000,1,2,33
979,"Tasc",1000,1,2,33
1145,"wheatloaf",1000,2,4,40
1147,"Hiro Sui",1000,1,2,33
1174,"Bakamoto",1000,2,4,40
1213,"Azrael",1000,3,6,43
1335,"Azu",1000,1,2,33
1340,"Gibblechibs",1000,1,2,33
1345,"FreemDeem",1000,1,2,33
1349,"Macc",1000,1,2,33
1356,"JEMorder",1000,1,2,33
1357,"DemonTower",1000,1,2,33
1360,"Bendy",1000,1,2,33
1366,"UltraFox",1000,1,2,33
1367,"Skellish69",1000,1,2,33
1373,"KIZBEE",1000,1,2,33
1375,"TheHekler",1000,1,2,33
1378,"SOMEONE",1000,1,2,33
1379,"Snoopy",1000,1,2,33
1382,"Some Child",1000,1,2,33
1391,"JetstreamMan",1000,1,2,33
1393,"BLUE",1000,1,2,33
1396,"Padex",1000,1,2,33
1397,"Hasherino",1000,1,2,33
1398,"Malikriku",1000,1,2,33
1399,"Warcrime Advocate",1000,1,2,33
1404,"Ultra Brickstinct",1000,1,2,33
1405,"Hex :3",1000,1,2,33
1413,"NotMe",1000,1,2,33
1416,"Blocker476",1000,1,2,33
1418,"Faero",1000,1,2,33
1421,"toastedyoshi",1000,1,2,33
1423,"ShadeMade",1000,1,2,33
1424,"bigmanharrison",1000,1,2,33
1431,"Typals",1000,1,2,33
1432,"Merfin",1000,1,2,33
1433,"Snibot2",1000,1,2,33
1436,"Voldermancer",1000,1,2,33
1439,"Divinefuture",1000,1,2,33
1443,"Meatsoup",1000,1,2,33
1448,"Random Spy Main",1000,1,2,33
1449,"Rag",1000,1,2,33
1452,"Sir_Leoth",1000,1,2,33
1455,"Deadpool78148",1000,1,2,33
1457,"Obliviouspotato",1000,1,2,33
1463,"DeeTwoo",1000,1,2,33
1467,"Kalpy",1000,1,2,33
1468,"VioletRose",1000,1,2,33
1470,"YukiTheSuccubus",1000,2,4,40
1471,"wasian01",1000,1,2,33
1840,"Danimineiro",1000,1,2,33
1844,"byzantine",1000,1,2,33
1848,"Carl",1000,1,2,33
1854,"krsntaap",1000,1,2,33
1855,"MystrMurasame",1000,1,2,33
1862,"gOLDEN",1000,1,2,33
1863,"Lerche",1000,2,4,40
1867,"humanbeing99",1000,1,2,33
1935,"Finkinusty",1000,2,4,40
1997,"Knopf99",1000,2,4,40
2015,"ChadicusVonRadicus",1000,2,4,40
2023,"Watogg",1000,2,4,40
2148,"Firecracker",1000,1,2,67
2182,"J.",1000,1,2,67
2396,"curlyrenouncedjailhouse",1000,2,4,40
2415,"zazertyoup",1000,2,4,40
2421,"Birdzs",1000,1,2,33
2436,"Dori-a",1000,2,4,40
785,"Kajdak",1000,5,13,36
1190,"Usend Licrua",1000,6,16,35
814,"Jehnee",999,1,3,25
129,"Shin Garou",995,2,5,33
981,"obsidian AN",994,3,7,38
1908,"Knockoff Metaknight",993,4,9,40
807,"JemZ",992,3,6,43
869,"ponychamp",991,1,3,25
660,"TheGrandGuardian",989,1,3,25
178,"SKELE",989,2,5,33
2533,"Bingus_Goose",989,1,3,25
2364,"TrinityLatte",989,1,3,25
961,"YouDontKnowMe",989,4,10,36
817,"Iki",988,3,7,38
589,"AFilthyCasual",987,0,1,0
231,"UltraSomeone125",986,7,15,44
170,"BananaBear",985,9,18,47
350,"LoJay",985,6,12,46
2426,"Puppies",985,1,3,25
1164,"Carracoastal",985,3,7,38
1271,"Green",984,2,5,33
2180,"Drakath V.",984,1,3,25
1039,"Murfykiddo",984,1,3,25
870,"RedSmile",983,3,7,38
388,"Dieselweasel",982,9,25,35
1294,"Batsy <3",982,2,5,33
2412,"UnityAlex",982,1,3,25
2263,"Kuapastok",982,1,3,25
2395,"Belgus",982,1,3,25
1708,"ALiteralWatermelon",981,4,10,36
2284,"Another Day",981,1,3,25
552,"FeBruh",981,20,39,50
2388,"Danvevo",981,6,15,38
1692,"TheZebra",980,3,7,38
2452,"Lehmspielt",979,1,3,25
2405,"termineitor",979,1,3,25
1632,"Abot",979,0,1,0
934,"Shaggy",979,4,10,36
149,"Sinnamonsters",978,5,12,38
1684,"Alomamola",978,1,3,25
399,"Bozo",977,62,124,50
2080,"SlabOfLime",976,2,5,33
2269,"SilverFox",976,1,3,25
1160,"seabasstime",975,3,7,38
185,"leykeyhai",973,5,11,50
484,"PotionSeller",973,1,3,25
639,"SpinyKingCrab",972,0,1,0
1071,"avrg21",972,1,3,25
2535,"jef_the_fish",972,1,3,25
2208,"soup",972,4,10,36
618,"Chimser",971,8,18,42
2197,"Espresso!",971,1,3,25
1127,"Sly",971,0,1,0
1370,"Iriomote",971,4,9,40
338,"Bitoless",970,3,7,38
1148,"Misindru",970,4,9,40
2429,"Astraha",970,1,3,25
1038,"KaGra",970,1,3,25
2386,"charge0609",970,1,3,25
544,"Vent Goblin",970,4,10,36
2133,"AquaIsUseless",970,1,3,25
901,"Deadby",970,1,3,25
465,"Angler",970,3,7,38
567,"LaPepega",969,1,3,25
2330,"NoWay",968,3,9,30
284,"Kaisar",967,1,3,25
1627,"AntiG.O.A.T",967,4,9,40
360,"Coltrain",966,2,5,33
532,"TrolliPop",966,3,8,33
2232,"Arum95099",966,1,3,25
2262,"WynExplode",966,1,3,25
1700,"sept",966,4,9,40
1338,"CloakNDagger",965,1,3,25
665,"Xiro",965,2,6,29
186,"Tayto",965,5,12,38
2557,"Zaglik",965,0,1,0
1011,"Jarasonic",965,1,3,25
2409,"Dagcha",965,1,3,25
587,"Phimmy",965,0,1,0
180,"The Running Crown Flame",965,2,5,33
2235,"Jeremy",965,3,7,38
2561,"Beeswick",964,0,1,0
1178,"Puffs",963,3,7,38
1617,"Ralex",963,3,7,38
581,"Sheleil",963,1,3,25
1018,"Axnon",962,1,3,25
932,"Epsilon",962,1,3,25
2253,"Cattosmcgoe",962,0,1,0
743,"Reaxt",962,4,10,36
1096,"krrkrkrkrkrkrkrrrr",961,1,3,25
2191,"AirF1Air",960,1,3,25
2132,"JollyKnight",960,1,3,25
2399,"Sacred",959,0,1,0
2013,"Utter Bastard",959,3,7,38
2543,"shaxerd",959,2,6,29
1309,"IcarusCursed",959,2,5,33
2228,"Misteater",957,1,3,25
1614,"RiskyJab",957,1,3,25
506,"Jack556",956,1,3,25
2075,"Comprenale",956,6,15,38
2207,"Xemshine",956,32,83,38
1369,"Deadly",956,1,3,25
2271,"Graknight",956,2,4,40
1403,"Arcalis",956,22,34,63
1847,"OrpleZzzeY",956,3,7,38
260,"Izuna",955,0,1,0
704,"Sp1cd",955,1,3,25
2428,"JeweyDecimals",954,1,3,25
2134,"Azer",954,1,3,25
329,"æth",954,1,3,25
2371,"J.A.Y.",953,1,3,25
2149,"Hath",953,1,3,25
531,"Luc",953,1,3,25
1943,"Prisma",953,4,9,40
379,"MuffinButton",953,2,5,33
1899,"Fertsa",951,6,13,43
382,"KURAMA",951,1,3,25
1162,"Dragon",950,3,7,38
1960,"Savant",950,4,10,36
1654,"Gargantruant",950,1,3,25
1358,"egorKa",949,4,9,40
2318,"TwoTimesJ",949,6,27,21
1069,"Cyndaquil3",949,3,7,38
1392,"DNZL",948,4,9,40
815,"SoftSnuz",948,4,9,40
481,"Vieira",948,4,11,33
720,"Deauhhan",948,1,3,25
505,"Zapzoomzam",948,0,1,0
2336,"Tongneu",948,0,1,0
2266,"sans",947,1,3,25
902,"pingwin",947,1,3,25
633,"SlinkChicken077",947,8,17,44
1173,"Solaris",946,2,5,33
2370,"Soulstice",946,1,3,25
771,"ItsMaxo",946,2,6,29
958,"MeltingNT",946,2,6,29
1037,"a11ce",946,1,3,25
1377,"Nikorasu",946,6,14,40
443,"ninja monkey",946,1,3,25
374,"gamecubebro",945,0,1,0
2270,"Rustable",945,1,3,25
975,"sj_reaper",945,11,28,38
2038,"HandyBoy",945,4,14,27
2017,"SeagullHQ",945,7,17,39
2417,"sneaky",945,1,3,25
2213,"jim",944,1,3,25
2411,"iamfrozen131",944,1,3,25
316,"Andre s",944,1,3,25
1841,"PotatoNick",944,3,7,38
703,"PrincepsRex",944,1,3,25
1937,"TheFoxSenpai",943,2,5,33
2074,"BC_Pants",943,0,1,0
741,"Zyvics",943,3,7,38
1955,"Asteroid",942,1,3,25
795,"Clover",942,1,3,25
2380,"Delta_PrimeXII",942,1,3,25
2256,"DynamighTTT",941,1,3,25
900,"UnlimitedDucks",941,1,3,25
326,"AFancyDress",941,1,3,25
603,"Glitch85",940,0,1,0
28,"Hidari",940,3,7,38
1945,"Bumbuś",940,1,3,25
1683,"Banditas",939,1,3,25
874,"RedVorona",939,1,3,25
666,"NOOBTRON7777",939,1,3,25
2245,"OneHitTalon",938,0,1,0
730,"Bmobi",938,2,6,29
2416,"Aikuzas",938,1,3,25
2137,"Reals",938,0,1,0
1736,"AmazingSoni",937,1,3,25
767,"Malcolm Reynolds",937,1,3,25
1864,"Bun's Strongest Soldier",937,2,5,33
2251,"Dreiza",937,1,3,25
597,"yuxkka_",936,1,3,25
2340,"mark5467",936,0,1,0
756,"bingo",936,2,6,29
595,"StickV",935,1,3,25
938,"SmallSlab",935,8,24,32
1942,"I-Pod Touch Me",935,1,3,25
1151,"D-Sexy",935,6,14,40
1594,"Bogaiqa",935,2,5,33
1853,"sumo_asl;",934,2,5,33
670,"Cibian",934,1,4,20
914,"Sloud",934,1,3,25
1189,"FatYoshi",934,1,3,25
625,"404Cray",934,1,3,25
2552,"SOSalt",934,1,3,25
283,"TDNerd",933,0,1,0
2285,"Floor",933,0,1,0
820,"MegaBastardo",932,1,3,25
163,"Fischnt",932,1,3,25
596,"Eiburi",932,1,3,25
615,"DaBoiwooper",932,1,3,25
2288,"Politecat",932,2,6,29
664,"Radiance",932,1,3,25
2410,"tootaroni",931,1,3,25
1460,"Lukethanuke",931,1,3,25
1407,"Jean-Paul Blart",931,1,3,25
2248,"Rewind",931,1,4,20
517,"Signed_Up_For_This",930,5,13,36
1170,"anri",930,1,3,25
499,"Belika",929,0,1,0
2392,"Wariowariowario",929,3,11,25
833,"Yau",929,2,6,29
2431,"arthuruguinha",929,1,3,25
442,"RosyMapleMoth",928,1,3,25
559,"DeltaDragon",928,1,3,25
1445,"CallMeSpaghet",927,1,3,25
2443,"odkelly",927,1,3,25
548,"Clipart",926,0,1,0
1192,"TheCrimeSkeleton",926,22,44,49
557,"awaffleswag",926,0,1,0
2125,"ethicaldilemma",926,2,6,29
801,"thighhighcroc",926,7,18,37
2501,"Twipie_OTP",926,1,4,20
1085,"Venace",925,1,3,25
2,"Kunai",925,1,3,25
9,"farthead2012trapking",925,1,3,25
14,"HiImWater",925,1,3,25
23,"TCorvy",925,1,3,25
25,"Aubrey",925,1,3,25
65,"Yokai",925,0,1,0
70,"Miyuukitzune",925,0,1,0
72,"Saint",925,0,1,0
80,"Pulk",925,0,1,0
126,"GDtornado",925,0,1,0
128,"Mrlordsaif",925,0,1,0
130,"bareky",925,0,1,0
131,"Sharktale On DVD",925,0,1,0
132,"biznut",925,0,1,0
133,"Cpt. Captain",925,0,1,0
134,"Ovocny",925,0,1,0
135,"Maffu",925,0,1,0
136,"Kyoki",925,1,3,25
137,"Ediot",925,0,1,0
138,"Wulfsie",925,0,1,0
139,"Bito",925,0,1,0
141,"Bbh Crafty",925,0,1,0
142,"Vodacera",925,0,1,0
143,"Supa",925,1,3,25
146,"HealsGood",925,0,1,0
147,"X2XP",925,0,1,0
152,"Reiki",925,0,1,0
158,"Zardans",925,1,3,25
162,"Tonya Tornado",925,1,3,25
244,"Cheeze",925,0,1,0
245,"Startup001",925,0,1,0
246,"ninty",925,0,1,0
247,"GubbyBee",925,0,1,0
248,"Deltoid",925,0,1,0
249,"AKIzumi",925,0,1,0
252,"kalenowhat",925,0,1,0
253,"SKR",925,0,1,0
254,"Zuto",925,0,1,0
255,"Firiko",925,0,1,0
256,"Techno",925,0,1,0
259,"dmpo",925,1,3,25
261,"GRATERxOFxCHEESE",925,0,1,0
263,"Chef_Planchoba",925,0,1,0
264,"Chromatic",925,0,1,0
265,"MustWin",925,0,1,0
267,"KnightSquared",925,0,1,0
268,"Taxes",925,0,1,0
269,"Tai",925,0,1,0
270,"CockGobbler",925,0,1,0
271,"magoo",925,0,1,0
273,"WootThereItIs",925,0,1,0
274,"Menshir",925,0,1,0
275,"Saga",925,0,1,0
276,"Flowerboy",925,0,1,0
277,"juliem",925,0,1,0
278,"KingCrymsonVEVO",925,0,1,0
279,"Dootdoot",925,0,1,0
280,"yokubo",925,0,1,0
281,"ITSHEADSHOT",925,0,1,0
285,"Nexterday",925,0,1,0
286,"Lagos_com_Patos",925,0,1,0
287,"vido#8970",925,0,1,0
289,"gibi",925,0,1,0
290,"Gohl",925,0,1,0
291,"qwertyy",925,0,1,0
327,"W3vil23",925,1,3,25
330,"W3vil23",925,1,3,25
333,"SrTavo",925,0,1,0
340,"Smooth Brain",925,0,1,0
362,"rabbitman",925,0,1,0
367,"Krump",925,0,1,0
368,"nitro",925,0,1,0
378,"Omega&Creator",925,1,3,25
392,"AG147",925,0,1,0
393,"Dememenic",925,0,1,0
395,"Gecko",925,0,1,0
396,"Aethar",925,0,1,0
397,"PhantomAkira",925,0,1,0
398,"RealFlow",925,0,1,0
400,"mira-cle",925,0,1,0
401,".Bun.",925,0,1,0
402,"snoot",925,0,1,0
403,"Bulletsite",925,0,1,0
404,"Thunk",925,0,1,0
405,"tudbud",925,0,1,0
406,"minero101",925,0,1,0
407,"Reksie",925,0,1,0
409,"We3b",925,0,1,0
411,"starkitten",925,0,1,0
414,"Beenis",925,0,1,0
426,"Surfgamer86",925,0,1,0
427,"Destremi",925,0,1,0
431,"oneshotsenpai",925,0,1,0
457,"deco12",925,0,1,0
487,"Fornax",925,1,3,25
496,"hyper#9656",925,0,1,0
498,"SolarEclipse",925,0,1,0
500,"ofek105",925,0,1,0
503,"blacknight",925,0,1,0
504,"Marley",925,0,1,0
509,"Dyotton",925,0,1,0
510,"codybeeber1",925,0,1,0
511,"Iskander",925,0,1,0
512,"lordzoinks",925,0,1,0
533,"Caterpie",925,1,3,25
535,"kranekrons",925,0,1,0
545,"Faded",925,0,1,0
546,"tac taf",925,0,1,0
549,"AzorKs",925,0,1,0
551,"Yokai",925,0,1,0
555,"Spyco psycho#8198",925,0,1,0
556,"eRad",925,0,1,0
558,"Carter",925,0,1,0
560,"Redimane",925,1,3,25
566,"wuffie",925,1,3,25
573,"Cruntling",925,0,1,0
590,"KiD",925,0,1,0
598,"NinoLikesCookies",925,0,1,0
599,"jagwad",925,0,1,0
600,"Loom >:3",925,0,1,0
601,"Wtr",925,0,1,0
604,"Snerdels",925,0,1,0
605,"SloughyToast",925,0,1,0
606,"Soliss",925,0,1,0
607,"Scoffingbore97",925,0,1,0
610,"roxy",925,0,1,0
611,"pettyshinobi",925,0,1,0
614,"DyngZ",925,1,3,25
619,"Gyduke",925,0,1,0
640,"Ninja blitz",925,0,1,0
641,"EvannMouton",925,0,1,0
642,"Cloud",925,0,1,0
643,"Ozone",925,0,1,0
644,"Lagmar",925,0,1,0
645,"Macbeth",925,0,1,0
646,"MilkManMatthew",925,0,1,0
647,"Loogy",925,0,1,0
648,"SADIE",925,0,1,0
649,"Neo",925,0,1,0
669,"ayashi",925,0,1,0
671,"Mistilac",925,0,1,0
672,"Justreallyasian",925,0,1,0
694,"RAZ0RT33TH",925,0,1,0
695,"Soul",925,0,1,0
696,"Meeno",925,0,1,0
697,"DR. DOWNLOAD",925,0,1,0
698,"Swiftish",925,0,1,0
702,"MR-DR-HO",925,0,1,0
713,"Allukay",925,0,1,0
721,"Ayano#8229",925,1,3,25
737,"Gail",925,0,1,0
749,"Fableheath",925,0,1,0
753,"toady",925,0,1,0
758,"KrowPan",925,1,3,25
764,"WrongKeyo360",925,1,3,25
772,"T-sizzle",925,0,1,0
777,"Jestrix",925,0,1,0
796,"EveeKai",925,1,3,25
800,"JierList",925,0,1,0
805,"Crispy",925,1,3,25
810,"Transfem Leffen",925,1,3,25
826,"Bimblewort",925,1,3,25
846,"Tefo",925,0,1,0
853,"goose",925,0,1,0
854,"Cyto3218",925,0,1,0
855,"LoadingSir",925,0,1,0
878,"Zimrak",925,1,3,25
892,"DaviTheCo",925,0,1,0
893,"Astyle",925,0,1,0
896,"Cash12121",925,0,1,0
897,"Illusion^",925,0,1,0
909,"Gabe",925,0,1,0
915,"M.M.Leo",925,1,3,25
921,"bkdyno",925,0,1,0
931,"Wanderp",925,1,3,25
933,"Tomiyoru",925,1,3,25
949,"Glaacier",925,0,1,0
959,"Fundai",925,1,3,25
968,"Repron",925,0,1,0
970,"Dram Hyena#3238",925,0,1,0
980,"Minty",925,1,3,25
997,"Moffles",925,0,1,0
1008,"spooky",925,1,3,25
1020,"#Person",925,1,3,25
1026,"Mr_zebra888",925,0,1,0
1027,"Azazel",925,0,1,0
1028,"L-Ariz",925,0,1,0
1043,"theMax",925,1,3,25
1053,"JamSol",925,0,1,0
1089,"Brain_Dead",925,0,1,0
1090,"Snower",925,0,1,0
1091,"mattinator",925,0,1,0
1092,"gbriel46",925,0,1,0
1093,"Brain Dead",925,0,1,0
1097,"_The_Kill_",925,1,3,25
1101,"Velonian",925,0,1,0
1109,"Memento",925,0,1,0
1120,"taisrage01",925,0,1,0
1121,"Spgettiboi",925,0,1,0
1149,"KEEPERmineLIVE",925,1,3,25
1150,"Noratical",925,1,3,25
1153,"BOO",925,1,3,25
1183,"GarryGananas",925,1,3,25
1184,"Temz",925,1,3,25
1205,"Darkfyre",925,0,1,0
1207,"ManicLibra",925,0,1,0
1209,"okj",925,0,1,0
1223,"ERP",925,0,1,0
1224,"Snevits",925,0,1,0
1236,"Zalgolus",925,0,1,0
1286,"Flux52",925,1,3,25
1290,"Exclodius",925,1,3,25
1293,"AhleaxtHeatBreath",925,1,3,25
1306,"Wuffie",925,0,1,0
1314,"m8sdate",925,0,1,0
1332,"GallantFool",925,2,5,33
1337,"atte02",925,1,3,25
1350,"JoGio",925,1,3,25
1385,"Gaunt",925,1,3,25
1414,"Rotis",925,1,3,25
1417,"Narc",925,1,3,25
1422,"CaramelJules",925,1,3,25
1441,"Pixelphighter",925,1,3,25
1456,"GalaxyT",925,2,5,33
1585,"GogoFox",925,0,1,0
1586,"Ézékilll",925,0,1,0
1587,"RiceIsNear",925,0,1,0
1588,"Albot",925,0,1,0
1589,"SuperSackBoy200",925,0,1,0
1590,"Leon Varcas",925,0,1,0
1591,"AChristianGamer",925,0,1,0
1592,"KingNong",925,0,1,0
1593,"Shideki07",925,0,1,0
1596,"Sexual Teflon",925,0,1,0
1598,"CarbonKnight",925,0,1,0
1600,"Professor Egg",925,0,1,0
1601,"hedgehog",925,0,1,0
1602,"Weeper",925,0,1,0
1605,"MrJoule",925,0,1,0
1606,"Akuma_W7",925,0,1,0
1611,"DixPerDix",925,0,1,0
1612,"Big Man Max",925,0,1,0
1613,"SkyRkon",925,0,1,0
1616,"Raijiin",925,0,1,0
1619,"youthas",925,0,1,0
1621,"the_number",925,0,1,0
1623,"EndrS",925,0,1,0
1625,"Ratnex",925,0,1,0
1626,"sans mexicano",925,0,1,0
1628,"TheCanadianBud",925,0,1,0
1629,"Joic",925,0,1,0
1630,"LofiiGhostly",925,0,1,0
1631,"Fishlord",925,0,1,0
1634,"Arken?",925,0,1,0
1635,"william12b",925,0,1,0
1636,"SuperNova12",925,0,1,0
1638,"M_Pennanti",925,0,1,0
1639,"Quietbob",925,0,1,0
1640,"Copykat",925,0,1,0
1642,"cindereye",925,0,1,0
1643,"jeremyolshan",925,0,1,0
1646,"Rat",925,0,1,0
1647,"Sirsa",925,0,1,0
1648,"GXzero",925,0,1,0
1649,"CofiCoflas",925,0,1,0
1650,"AfterTech",925,0,1,0
1651,"SniperRat",925,0,1,0
1652,"NITE",925,0,1,0
1653,"TheUltimateSir",925,0,1,0
1655,"chud obediah",925,0,1,0
1656,"Kimby",925,0,1,0
1657,"Hairy_Cube",925,0,1,0
1658,"ciagangsterpolice",925,0,1,0
1662,"KcadianOG",925,0,1,0
1663,"the drunk wizard",925,0,1,0
1664,"Byvci",925,0,1,0
1666,"Based_Schmood",925,0,1,0
1667,"Christ0ph",925,0,1,0
1668,"Omen",925,0,1,0
1669,"karl_from_drg",925,0,1,0
1671,"Aries",925,0,1,0
1672,"Fox_of_Ashes",925,0,1,0
1673,"RunAwayLove",925,0,1,0
1675,"truncks4k",925,0,1,0
1679,"Ember011",925,0,1,0
1680,"SXBRA",925,0,1,0
1682,"Him",925,0,1,0
1685,"ZoeThePro117",925,0,1,0
1686,"Monarch Neo",925,0,1,0
1687,"Rushinnit",925,0,1,0
1688,"star",925,0,1,0
1690,"Big Snake",925,0,1,0
1693,"SpartianM4ster",925,0,1,0
1694,"SinisterToady",925,0,1,0
1695,"MrMcTaco",925,0,1,0
1696,"Mineinglegend51",925,0,1,0
1697,"Song",925,0,1,0
1698,"Edeak",925,0,1,0
1699,"Holy Luna Lux",925,0,1,0
1701,"qianlol",925,0,1,0
1703,"nahuiollin",925,0,1,0
1704,"micklepickle",925,0,1,0
1705,"Lirkz",925,0,1,0
1706,"MythLegend",925,0,1,0
1707,"yohanswag1",925,0,1,0
1711,"Victour4",925,0,1,0
1712,"Pwnks",925,0,1,0
1714,"Travesscott",925,0,1,0
1715,"Hxrtly",925,0,1,0
1716,"Catt",925,0,1,0
1717,"Hollowing 99",925,0,1,0
1718,"Giles",925,0,1,0
1719,"MonkeyNutHead3",925,0,1,0
1721,"waffelkin",925,0,1,0
1725,"Nota4",925,0,1,0
1727,"JettoJoestar",925,0,1,0
1729,"Phoenix Star",925,0,1,0
1730,"SNIPZZ",925,0,1,0
1731,"Bunnella",925,0,1,0
1732,"Yue Have Stoopid",925,0,1,0
1733,"[TURKISH DRIVER]",925,0,1,0
1735,"Mccuddles",925,0,1,0
1737,"genetic imperfection",925,0,1,0
1738,"lord firebomb",925,1,3,25
1739,"babyteddie",925,0,1,0
1740,"Tiamelt",925,0,1,0
1741,"JKLDwESD",925,0,1,0
1872,"Bunbun",925,0,1,0
1874,"Overlord",925,0,1,0
1875,"Dallemerome",925,0,1,0
1876,"snailsbane",925,0,1,0
1877,"pankeko_",925,0,1,0
1878,"Chaptaman",925,0,1,0
1879,"plutopos",925,0,1,0
1882,"FoRs",925,0,1,0
1884,"Heroikon",925,0,1,0
1888,"Cloud",925,0,1,0
1889,"Math",925,0,1,0
1891,"torincheetah",925,0,1,0
1892,"bibizu",925,0,1,0
1893,"Wulfious",925,0,1,0
1897,"Greenroom",925,0,1,0
1898,"FelipeUe",925,0,1,0
1900,"Supzerd",925,0,1,0
1902,"Hunter",925,0,1,0
1905,"StormFlyer",925,0,1,0
1906,"ProRookie",925,0,1,0
1907,"Savant",925,0,1,0
1910,"Perma",925,0,1,0
1911,"Goobert",925,0,1,0
1913,"hylian29",925,0,1,0
1940,"Deurm",925,1,3,25
1946,"GayHelloKitty",925,1,3,25
1952,"SpookyBalling",925,1,3,25
1953,"Martez",925,1,3,25
1956,"KeeperLockhart",925,1,3,25
1958,"DiomaFX",925,1,3,25
1959,"Lanky",925,1,3,25
1963,"dayglo",925,1,3,25
1966,"Proffesorpugoo",925,0,1,0
1978,"R3$TART",925,0,1,0
2001,"Trash6",925,1,3,25
2016,"Joasalva2",925,1,3,25
2043,"leecxgameboy",925,0,1,0
2044,"Erdimdondi",925,0,1,0
2045,"PUNPUN MARACUCHO",925,0,1,0
2063,"Namaki",925,1,3,25
2091,"KT_N00B",925,0,1,0
2109,"noellium",925,0,1,0
2113,"KingdomOfezzy",925,0,1,0
2130,"Mr Mole",925,1,3,25
2140,"Shovel",925,0,1,0
2143,"GameToPlay",925,0,1,0
2146,"Scribbles",925,1,3,25
2177,"_colix_",925,0,1,0
2206,"Melon",925,0,1,0
2221,"FireM64",925,1,3,25
2223,"Hanikon",925,1,3,25
2227,"mHm",925,0,1,0
2244,"Zight",925,0,1,0
2291,"YourLocalMarcz",925,1,3,25
2297,"TheT2",925,0,1,0
2298,"DevonNOG",925,0,1,0
2321,"peggle_gaming",925,0,1,0
2353,"dodle",925,0,1,0
2383,"Uscinerado",925,0,1,0
2427,"Zach_",925,1,3,25
2438,"applesauce",925,1,3,25
2439,"Kin",925,1,3,25
2440,"Ang_XD",925,1,3,25
2448,"Malyrizu",925,1,3,25
2478,"Slashar",925,0,1,0
2480,"Eno",925,0,1,0
2483,"AjetlaggedRoe",925,0,1,0
2485,"MoaiMaea",925,0,1,0
2489,"MrMonocle",925,0,1,0
2496,"Jeff",925,0,1,0
2499,"User72_",925,0,1,0
2548,"Windjigo",925,0,1,0
1165,"T.E.G",925,7,15,44
2534,"dragoking100",925,1,5,17
1269,"kimchi ninja",925,1,3,25
2193,"NonBinaryRobot",924,4,12,31
471,"Luck",923,2,7,25
2167,"Askz12345",922,1,3,25
2430,"trovincea",922,2,6,29
2374,"16bit___",921,2,6,29
1075,"Yeet my Feet",919,4,12,31
2329,"WashaFire",918,1,5,17
2339,"Tac",916,0,2,0
2554,"Im gonna pee your pants",914,0,2,0
1227,"Jumble",914,3,9,30
827,"haipy",913,2,6,29
716,"Chimser",913,3,8,33
358,"JollyBiggerFoot",912,3,8,33
1077,"Esperesso",912,35,67,51
585,"Gaum",912,0,2,0
468,"Antrakasus",912,1,3,25
1381,"Hyper",911,7,18,37
852,"2Tyred2Sleep",911,0,2,0
2555,"PortalGD",909,0,2,0
1934,"Ramzasaurus",908,4,10,36
1660,"Librarian of the stars",907,2,6,29
1415,"Aorping",906,2,6,29
1140,"DeltaRoot",906,0,2,0
2092,"Jesus H. Christ",906,3,12,23
516,"Xeno",906,0,2,0
1608,"Hgw01",906,3,9,30
2169,"Mortalbacteria",906,1,5,17
165,"meatcube",906,3,10,27
1176,"Globchik",905,3,8,33
1886,"peron",905,0,2,0
2558,"Kankri",904,0,2,0
1315,"Flooberkdood",904,0,2,0
2338,"boxit",903,0,2,0
2359,"Thehyperactive1",903,0,2,0
2003,"Vek010",903,4,14,27
288,"Keluna",902,1,4,20
879,"dithyrambic",902,2,6,29
424,"Kaboozz",902,1,3,25
2196,"Karabasc",902,1,5,17
561,"sato0ushi",901,3,7,38
1283,"HollowGobbo",901,5,13,36
1146,"Newsfromafarr",901,1,4,20
2559,"reapertheangel",900,0,2,0
584,"Justvoun",899,4,11,42
2361,"Geno",899,0,2,0
463,"Awesome#6122",899,1,4,20
803,"bored223",897,1,4,20
494,"Zully",897,84,136,61
2366,"logic",897,0,2,0
1702,"Froz3nhashbrown",897,2,6,29
582,"Woozy",897,1,4,20
1114,"Junior",897,14,28,48
946,"dahperson",897,0,2,0
2205,"ilodino2000",896,0,2,0
2142,"longhaul913",896,0,2,0
448,"Snickish",896,7,23,29
1012,"lilithpad",895,2,6,29
2243,"Las Kerfuffle",895,0,2,0
1060,"ThyLocalCrusader",893,0,2,0
2389,"StarFounder",893,1,5,17
2286,"Mush",893,0,2,0
328,"Six",893,3,8,33
947,"GrayCapedHero",892,0,2,0
2239,"thanksgiving michael",892,0,2,0
2287,"null",892,0,2,0
819,"soup",891,2,6,29
2226,"Lnorfy",891,3,11,25
943,"Settemio",890,2,6,29
2562,"Ocefen",890,0,2,0
2549,"Ajtheboi",890,0,2,0
1078,"Bingus",889,0,2,0
725,"Windyboiii",889,5,16,29
626,"Novak",888,0,2,0
2393,"Yune_YuneDX",888,4,13,29
2176,"AFKO",887,0,2,0
889,"GodofGrunts",886,0,2,0
1116,"anyit",886,1,4,20
922,"Logunstiuos",886,0,2,0
1113,"Caleb",886,1,5,17
1186,"kiyo",885,3,10,27
1881,"20$ VBucks Card",884,1,4,20
2002,"AlanMcTshirt",884,2,6,29
2365,"Kang0",884,0,2,0
890,"Meepan",884,0,2,0
2311,"ZaMfy.",883,1,4,20
1065,"FirTreeMan",883,1,5,17
1661,"MrCreations",883,1,4,20
2058,"WinterBucket",882,3,12,23
2542,"Unatheja",882,0,2,0
1110,"Midway",882,1,4,20
530,"Le perv",882,4,9,50
1618,"Palerite",882,1,4,20
706,"Shadow",881,0,2,0
1135,"Giruemieh",881,0,2,0
1447,"The Fool",881,7,17,39
1909,"fyoot",880,3,8,33
994,"OwO696",880,1,4,40
2337,"noEcho15",880,0,2,0
1334,"ToniTonio",880,3,9,30
891,"Broom",880,0,2,0
2138,"Nikotoo",879,0,2,0
2317,"ZeroNebula",879,0,2,0
172,"BtmTier",879,3,8,33
1016,"Tomski-",879,0,2,0
1901,"ADumbWeeb",878,2,7,25
923,"RedwoodRogue",878,0,2,0
724,"Swgsz",878,0,2,0
188,"Bel",878,2,7,38
708,"Brookewyrm",878,5,16,29
2560,"dazanlo",878,0,2,0
849,"Rock Cobbler",878,0,2,0
2259,"Pyroman",878,0,2,0
927,"Ash'n Amber",877,0,2,0
13,"Tap.Water",877,12,23,50
1845,"Spirit",877,1,4,20
2343,"EMR",877,0,2,0
458,"Shuffles",877,1,4,20
920,"Torta",877,0,2,0
1274,"BoneHairReptile",876,6,13,43
2215,"Epicjeong",876,1,5,17
690,"Holedar1234",875,0,2,0
2181,"SinnerTokioGhuul",875,2,6,29
1128,"bbmkastan",875,0,2,0
1342,"TriplDentGum",874,3,9,30
2362,"Red",874,0,2,0
813,"Jisp",874,2,8,22
2536,"foe",873,0,2,0
775,"Xeon2474",873,0,2,0
2255,"Sooty_V1",873,0,2,0
701,"snon",873,2,6,29
1059,"NesliK",873,0,2,0
1278,"Senpai_D",873,5,13,36
570,"Taskrabbits",873,1,4,20
2373,"GoldRush",872,0,2,0
415,"DvlUp",872,1,5,17
1427,"JuniperBerries",871,1,4,20
736,"GodOfBasic",871,4,11,33
1141,"Xalthir",871,0,2,0
1722,"Fish",870,1,4,20
1408,"GreenGust5",870,2,6,29
2341,"Kyto",870,0,2,0
2358,"Noobiestnoob40",870,0,2,0
886,"Molamola79",870,0,2,0
507,"Двоичный код",869,1,5,17
429,"Mrmental",869,0,2,0
650,"Mommy's Boy",868,0,3,0
410,"Daimuzu",866,3,10,27
887,"Dida",865,0,2,0
2314,"Subtle",864,0,2,0
2488,"Place",863,0,2,0
1017,"Late2Sleep",863,0,2,0
2391,"mxd",863,0,2,0
1277,"Vinistriker",863,1,4,20
2308,"Reaver",863,0,2,0
1302,"Dandy",862,0,2,0
373,"bokuwinner7",862,0,2,0
2088,"koi",862,0,2,0
2127,"existereOracle",862,0,2,0
776,"Usotomi",862,0,2,0
2112,"AlkaAlka",862,1,4,20
661,"Lyth1k",862,0,2,0
282,"Leaky Sponge",861,0,2,0
1163,"Wiewiór03",861,5,15,31
1287,"Temi",861,1,4,20
1724,"Bald Baby",861,2,8,22
924,"ShowMaster",861,0,2,0
656,"Sancho_tEm",860,2,7,25
1229,"Zink DF",859,0,2,0
1130,"EmmaTheGiant",858,0,2,0
825,"Sharpy",858,1,4,20
1289,"L_Bot",858,1,4,20
578,"ColeTheWeirdo#1331",858,0,2,0
1292,"Merigano",857,1,4,20
2306,"Nujabes_TC",856,0,2,0
2029,"NinjaLobster",856,1,5,17
540,"Squcisse",856,1,4,20
1222,"spacetime",856,1,4,20
2188,"bungtheshikigami",856,1,5,17
257,"RossMellow#6787",856,0,2,0
1641,"yKenpai",855,0,2,0
1846,"Daddy Shlong Legs",855,1,4,20
1949,"antek12pogromca",855,1,4,20
363,"arc",855,1,5,33
1459,"Apollyon",855,1,4,20
673,"Harg",854,0,2,0
2537,"SPARK BOMB STEVE",854,0,3,0
1376,"Mars",854,1,4,20
936,"Seven_Sprockets",854,0,2,0
349,"Smithveller",853,1,5,17
1316,"Nico0822",853,1,4,20
681,"Asukii",853,0,2,0
1155,"WaddleDee",853,24,64,37
36,"Nalu",852,2,8,22
1061,"Yobo",852,0,2,0
527,"Yurrie",851,3,11,25
562,"OtakuSim13",851,0,2,0
2004,"Byonyx",851,5,14,33
851,"Alzek",851,0,2,0
630,"Leaderkilla",851,0,2,0
370,"MiNGLE",850,0,2,0
2110,"ChuckV107",850,0,2,0
64,"Mr_Goon",850,0,2,0
66,"maramori",850,0,2,0
67,"JayMehKay",850,0,2,0
68,"Sirracha",850,0,2,0
69,"SmokeySmokey",850,0,2,0
73,"Qilyn",850,0,2,0
74,"ljstuff",850,0,2,0
75,"jayming",850,0,2,0
76,"Femboy",850,0,2,0
78,"SuiteSuit",850,0,2,0
79,"Danafall",850,0,2,0
81,"KuroUsagi",850,0,2,0
82,"MrTipins",850,0,2,0
144,"pluto",850,0,2,0
164,"Orange Juice",850,0,2,0
175,"onyiceeater",850,1,4,20
177,"Cryo",850,1,4,20
187,"keizo",850,1,4,20
322,"Treesson",850,0,2,0
323,"Goombafire",850,0,2,0
336,"Tril",850,0,2,0
337,"ZetaKE",850,0,2,0
364,"Slep",850,0,2,0
371,"Swift",850,0,2,0
413,"ARMORUP",850,0,2,0
430,"CNS",850,0,2,0
432,"Chriss",850,0,2,0
433,"Kabirbobcone",850,0,2,0
456,"User 194500508503769088",850,0,2,0
459,"Salti",850,0,2,0
478,"Toms",850,0,2,0
497,"jodo",850,0,2,0
514,"OlegoAVTOmustang",850,0,2,0
534,"DreamBig",850,0,2,0
564,"Kailater",850,0,2,0
572,"BruhMonkey",850,0,2,0
579,"Techon",850,0,2,0
617,"Brxken",850,0,2,0
627,"NC10",850,0,2,0
629,"Panda?",850,0,2,0
658,"TheMajesticJamie",850,0,2,0
677,"Turturu",850,0,2,0
682,"enderam123",850,0,2,0
687,"Marselo",850,0,2,0
688,"VYELENT",850,0,2,0
691,"Silva",850,0,2,0
710,"Troco",850,0,2,0
714,"SuperS0ul",850,0,2,0
732,"temodoki",850,1,4,20
734,"Kieon",850,0,2,0
735,"grungus",850,0,2,0
738,"PrimalDrifter",850,0,2,0
747,"CoconutRanger",850,0,2,0
748,"Lots of Lol",850,0,2,0
754,"bakedbread",850,0,2,0
760,"drsooz#3292",850,0,2,0
761,"GelloMello",850,0,2,0
762,"solvé",850,0,2,0
770,"GIDDYMADMAN (Sticky)",850,0,2,0
773,"DJCJ14",850,0,2,0
774,"Zombie",850,0,2,0
790,"WorstWizard",850,0,2,0
802,"Frubulhus",850,0,2,0
836,"Clade",850,0,2,0
837,"JM_",850,0,2,0
839,"Lagomorph",850,0,2,0
841,"Peaks",850,0,2,0
843,"Exhibits",850,0,2,0
844,"Quaesan",850,0,2,0
845,"TurtleBoy",850,0,2,0
848,"GixxersCove",850,0,2,0
884,"icetv",850,0,2,0
885,"Greycakes",850,0,2,0
894,"vanillaDISK",850,0,2,0
895,"CrispyCthulhu",850,0,2,0
919,"Monke",850,0,2,0
925,"Aeonian",850,0,2,0
935,"King of all behemoths",850,0,2,0
945,"Snak",850,0,2,0
948,"Loafus",850,0,2,0
967,"Wavylion",850,0,2,0
969,"glÜt",850,0,2,0
972,"gampyre",850,0,2,0
989,"Gabiberpol",850,0,2,0
990,"Cabester",850,0,2,0
992,"_Pugtato_",850,0,2,0
995,"4u",850,0,2,0
1025,"Fluxx7856",850,0,2,0
1051,"Epoch",850,0,2,0
1055,"TheDoginator",850,0,2,0
1066,"Джейкоб",850,0,2,0
1067,"Nyaria1029",850,0,2,0
1100,"Xovier",850,0,2,0
1102,"beeswick",850,0,2,0
1108,"Flaredesel",850,0,2,0
1122,"JELIJE",850,0,2,0
1129,"Smog",850,0,2,0
1139,"Mr_Frumply",850,0,2,0
1206,"x86Cow",850,0,2,0
1208,"Seth_Starstorm",850,0,2,0
1211,"cleggysipad",850,0,2,0
1212,"Fixit+",850,0,2,0
1214,"Luceblock",850,0,2,0
1217,"Cakemix123",850,0,2,0
1218,"4D",850,0,2,0
1219,"thee_coolarrow",850,0,2,0
1220,"abdul Salam",850,0,2,0
1221,"CRUST1",850,0,2,0
1225,"No Name",850,0,2,0
1226,"midget muncher",850,0,2,0
1228,"kcajlscool",850,0,2,0
1230,"DootMeHarder",850,0,2,0
1231,"Faer",850,0,2,0
1232,"Riley.loxton",850,0,2,0
1282,"Romanfuneral",850,1,4,20
1300,"Mr.Meme",850,0,2,0
1304,"WoodenTwig",850,0,2,0
1305,"wrpen",850,0,2,0
1307,"Joycon boy",850,0,2,0
1310,"Rag",850,0,2,0
1312,"botelhudex",850,0,2,0
1609,"Psychologemelone44",850,0,2,0
1620,"DEEZ NUTS! (Got'em)",850,0,2,0
1633,"Massive Cash Injection",850,0,2,0
1644,"armykitten",850,0,2,0
1665,"testlab",850,0,2,0
1674,"Lader",850,0,2,0
1676,"Qonus",850,0,2,0
1678,"Hydrangea",850,0,2,0
1689,"petrovi_chan",850,0,2,0
1734,"BondageKat",850,0,2,0
1742,"Adrian",850,0,2,0
1895,"Otani",850,1,4,20
1903,"Vullanoid",850,0,2,0
1965,"ImperiousCorpse",850,0,2,0
1967,"Wise Monk's Quote",850,0,2,0
1968,"Space1",850,0,2,0
1969,"FangIsBitingYou",850,0,2,0
1971,"NotSmartAmber",850,0,2,0
1972,"Xurthless",850,0,2,0
1973,"datbigboyyyy",850,0,2,0
1975,"DragonRoyal#2964",850,0,2,0
1976,"knifeshodHaven",850,0,2,0
1977,"FoxxoTV",850,0,2,0
2027,"paptut",850,0,2,0
2028,"hellogaming9107",850,0,2,0
2030,"ArtificialF",850,0,2,0
2031,"Bies",850,0,2,0
2032,"LxL_egacy",850,0,2,0
2034,"Rad",850,0,2,0
2035,"Cringeboy69420",850,0,2,0
2036,"ningapotato",850,0,2,0
2037,"liche",850,0,2,0
2039,"eggiethesecond",850,0,2,0
2041,"Depresso",850,0,2,0
2042,"Dark",850,0,2,0
2076,"kip",850,0,2,0
2079,"seabass",850,0,2,0
2087,"Transparentdino",850,0,2,0
2093,"tarcrat",850,0,2,0
2141,"DishSoap",850,0,2,0
2151,"FENIX HUNTER",850,0,2,0
2155,"Lux Kasandora",850,0,2,0
2156,"-Ohokk0-",850,0,2,0
2157,"offbrand",850,0,2,0
2173,"Tybpxbzn",850,0,2,0
2174,"vxRamZ",850,0,2,0
2175,"BeanToaster",850,0,2,0
2225,"TalentlessMoon",850,0,2,0
2230,"Hinawasss",850,0,2,0
2278,"Zonespace",850,0,2,0
2279,"aiden45",850,0,2,0
2295,"Casey_9",850,0,2,0
2296,"Urchin_fungus78",850,0,2,0
2307,"loudbraindude",850,0,2,0
2313,"kuchinohanabi",850,0,2,0
2315,"Fifth",850,0,2,0
2316,"DerpyBoi",850,0,2,0
2326,"C0medySk1ttle",850,0,2,0
2352,"SkolesDuck",850,0,2,0
2372,"FoxPerson",850,0,2,0
2377,"Neverye",850,0,2,0
2400,"sageyhaze",850,0,2,0
2401,"Greenfox",850,0,2,0
2468,"Still Ch1ll",850,0,2,0
2469,"GionaGiona",850,0,2,0
2470,"Zeeb",850,0,2,0
2471,"DiFf",850,0,2,0
2472,"Seraphimhead",850,0,2,0
2473,"Boxed",850,0,2,0
2474,"jhorge",850,0,2,0
2475,"Fishy",850,0,2,0
2476,"Cringe",850,0,2,0
2477,"BottledMango",850,0,2,0
2479,"Mended",850,0,2,0
2481,"sipperzipper",850,0,2,0
2484,"HOTshotDOM",850,0,2,0
2486,"luckymallard",850,0,2,0
2487,"fart",850,0,2,0
2490,"Endorian1215",850,0,2,0
2491,"Arvenus",850,0,2,0
2492,"Nah",850,0,2,0
2493,"Yoglord Supreme",850,0,2,0
2494,"dotWavve",850,0,2,0
2497,"Doggo",850,0,2,0
2498,"Nooooooah820",850,0,2,0
2500,"SenorClatticus",850,0,2,0
2532,"SampleText",850,0,2,0
2546,"umbreon721",850,0,2,0
541,"ClawNeedleKnife",850,14,34,40
2304,"curlyfries",848,1,5,17
111,"Contaminate",848,3,9,30
1136,"Spagooter Intruder",847,3,11,25
2379,"Llampaca",843,6,18,32
2346,"mandjata",842,2,12,15
466,"WaterproofTurtle",842,1,5,17
2320,"Heavensong",842,3,10,27
623,"Glitch",841,2,7,25
2324,"LizardMaestro52",841,0,3,0
1723,"olistepsforward",840,5,15,31
480,"Falight",840,1,5,17
205,"ParadoxPrism",839,1,5,33
850,"OTTOMAT1C",838,0,3,0
1387,"Druhu",836,2,8,22
502,"anree",836,2,8,22
184,"GamerTower",835,1,5,17
335,"Justsomejollyguy",834,1,5,17
151,"CordysGarden",834,0,3,0
2231,"Scooba",833,0,3,0
1058,"Foolish",830,1,5,17
1677,"Smelvin Fumblebottom",830,1,5,17
1624,"d3dmanwalking",829,1,5,17
198,"Absorbeur",828,0,3,0
1637,"Femboy Icho",827,1,5,17
167,"Galateen",826,1,6,14
179,"Xamora",825,2,7,25
1437,"flameweel",825,2,8,22
2194,"cyn",825,3,10,27
751,"KnifeDagger",823,1,5,17
711,"morv",822,1,6,14
991,"ghotiphoti",820,1,5,17
1117,"MrShifty",819,1,5,17
1007,"Brooje",818,25,65,38
1430,"Sparky1j",818,3,11,25
2012,"Sundayy",817,1,5,17
354,"SlySanti760",816,1,6,14
423,"Prenkor",814,1,5,17
1659,"Kirby the King of Pans",812,1,6,14
225,"davidpuralocura",811,107,212,50
464,"GROOCHY",809,1,5,17
2390,"Crxr68",809,1,7,13
608,"shugarry",809,0,3,0
905,"Maus",808,16,48,33
412,"Dragonking",807,0,3,0
1308,"CoolvinIce",806,1,5,17
2382,"Wonky",806,1,5,17
1395,"MarginalShip4",805,1,5,17
2299,"__cut__",804,0,4,0
2495,"shrimple48",803,0,4,0
372,"Patricia's Cute Boy",803,0,3,0
470,"Cibu",803,1,5,17
2261,"AlanStryman",800,1,7,13
2065,"valentLne",798,1,5,17
602,"Popckow",798,0,3,0
2367,"Paper_Hustler",798,0,4,0
840,"McCoy",797,0,4,0
41,"Fardin",797,1,5,17
679,"neonannihilator2",795,0,3,0
1615,"HoofHeroo",795,6,16,35
868,"RADU",794,0,3,0
1233,"Arthur",794,0,3,0
199,"ThiZ",793,1,6,14
1234,"Rapisap",793,1,6,14
2309,"MenuMinyu",793,0,4,0
651,"Emeraldym",790,0,4,0
1979,"Kimbow231",790,1,5,17
1883,"GhostRider",789,0,3,0
1948,"Arotio",788,3,10,27
553,"Skeledoot?",787,0,3,0
1390,"oliwier7778",787,2,8,22
513,"Kerg",787,0,3,0
2021,"Cris_Blu",787,1,5,17
1185,"Prasky",786,1,5,17
1099,"pigeon",786,0,4,0
835,"Quothe",785,1,5,17
1107,"ShunnedSage",784,0,4,0
408,"Noise",782,0,3,0
1713,"Spnsurus",781,1,6,14
2322,"zahariur",781,2,15,13
799,"Illojuaner",779,0,3,0
71,"shadostriker",779,0,3,0
715,"Sampsa",779,1,5,17
2150,"Mr Rice",778,1,6,14
793,"RyeBread",777,0,4,0
1175,"SAUL GOODMAN",777,1,7,13
1311,"HauntedHamHat",777,0,3,0
2119,"G1hadi",776,0,3,0
1239,"CainAlex",776,0,3,0
1691,"Hardy3000",775,1,6,14
77,"Jomm",775,0,3,0
369,"Betterthananoob",775,0,3,0
662,"Emmalee",775,1,5,17
1210,"poorjonesy",775,0,3,0
1216,"VerryBerryMan",775,0,3,0
1597,"floofdroid",775,0,3,0
1599,"NexoGen",775,0,3,0
1743,"Yupp1",775,0,3,0
1871,"The Arrowpoint Dragon",775,0,3,0
1880,"Lucky7Accord",775,0,3,0
1887,"MicMat",775,0,3,0
1999,"KolyaOlesov",775,1,5,17
2019,"radialhex",775,1,5,17
2094,"Sunnyyyy",775,0,3,0
1303,"ray",772,1,6,14
1980,"BurpyIsCool",772,2,12,15
2305,"Joklow",771,0,5,0
2166,"Aotoo",770,2,12,15
788,"AlanMcTshirt",769,0,4,0
2040,"whydoieven",768,0,4,0
2482,"Blais",768,0,4,0
726,"EggHam",767,0,4,0
847,"theetyseagull#6948",767,0,4,0
366,"Usefuln't",766,1,6,14
2351,"GrimmShadow64",765,0,4,0
1237,"Killersharkxd1",763,2,9,30
2111,"tiggerthani",758,1,8,11
550,"Drifter",757,3,13,21
2277,"OneHitTalon",757,0,4,0
547,"Tumb",755,0,4,0
588,"Randome",754,0,4,0
201,"qoah#5395",752,0,4,0
20,"Jenny Death",752,1,6,14
359,"gee",752,1,8,11
1299,"BeeSCI",751,0,4,0
2187,"Puu Onmawinky",749,0,4,0
2152,"noblish",747,0,4,0
2375,"Whoter",747,0,4,0
1301,"umuhukumakiaki'aialunamor",747,0,4,0
2139,"Tuwerp",746,0,4,0
2344,"Loafinator",746,0,4,0
1858,"aisaacc",745,16,35,44
1111,"Ob_beta",744,1,7,13
1133,"5ape",743,0,4,0
904,"SirBarnett",743,1,8,11
1154,"swurli",742,3,17,17
908,"cjw2099",742,29,88,33
1380,"OmanΩ",741,4,14,27
2345,"Raccoon Lord",741,3,19,15
575,"Goober",740,2,9,20
1607,"arcaneTempest1",737,1,7,13
1015,"Correx",737,0,4,0
1604,"5390845",736,0,4,0
2376,"CottonCob",734,1,9,10
348,"Markelius",730,2,10,18
1238,"DukeVaul",730,1,6,14
1035,"Emma Kisst",728,0,5,0
2300,"Ashley",726,0,4,0
1681,"NSA",724,0,5,0
993,"i_starving",724,0,4,0
2090,"Reader641",720,1,12,8
479,"Smimbo",720,1,9,10
586,"Al_Chimera",718,5,19,25
888,"CyberArk_Dragon",717,2,9,20
203,"uwo",714,0,5,0
1595,"Scythe",714,0,4,0
789,"bubbles",713,1,9,10
678,"Maximo59",712,0,5,0
204,"antman",711,0,4,0
1728,"Nicky-Wicky",709,0,4,0
339,"Trickster0913",708,0,4,0
2229,"MrMurple",708,1,9,10
1645,"FunnyRobotMain",707,1,7,13
1873,"DrwnedAbyss",704,0,5,0
332,"Nev",699,0,5,0
1974,"Pigeon",698,2,18,11
655,"The_Humbugg",698,0,6,0
2398,"makrofagi",697,0,6,0
2124,"Ultima_Pilot",695,2,11,17
200,"SheepishRot",695,0,5,0
973,"Bennettiscool9",693,0,5,0
1726,"Razin",692,0,5,0
616,"AlexKwa",691,0,6,0
1052,"KatsuLK",689,2,10,18
1912,"LosttDestiny",688,0,5,0
1215,"KrystalClouds",686,5,17,28
202,"cattom",676,0,5,0
563,"Kintac",666,0,6,0
515,"Cysfit",660,0,8,0
792,"Mikasi",659,3,16,18
1710,"Ueta",658,0,5,0
394,"wahooman",657,2,11,17
251,"Flipside",656,3,16,18
2018,"UnstableStrafe",652,2,12,15
1720,"SaiRex",651,0,5,0
1904,"Grim",651,1,9,10
365,"GG_DEs",634,0,7,0
2153,"STAR",627,0,5,0
838,"SmortCaveman",616,1,13,7
375,"Lushtakular",615,0,8,0
2033,"JulianXL",608,0,6,0
2077,"Radace",588,0,7,0
1275,"Koopa",586,6,17,33
2378,"PicardPlayz",586,0,10,0
1890,"Esa",580,7,36,19
1044,"Shibe.exe",577,4,26,15
733,"big crazy",567,2,16,12
1894,"EuEth",557,0,7,0
659,"Awesome",537,1,15,6
842,"Verfego",514,2,17,11
334,"Animated cake",507,4,28,14
676,"Azrael",478,4,23,17
1622,"GOOP",457,4,26,15